speaker_id,age,gender,ethnicity
2862,31,F,CHINESE
2861,32,F,CHINESE
2857,22,M,CHINESE
2828,20,F,CHINESE
2858,20,F,CHINESE
3162,22,F,INDIAN
2954,21,F,CHINESE
2957,18,F,CHINESE
2939,19,F,CHINESE
2945,20,F,CHINESE
2968,20,F,CHINESE
2964,31,M,CHINESE
2959,31,M,CHINESE
2965,31,M,CHINESE
2947,22,F,CHINESE
2941,31,F,CHINESE
2960,22,F,CHINESE
2969,31,M,CHINESE
2974,59,F,CHINESE
2971,23,F,CHINESE
2942,21,F,CHINESE
2961,20,F,CHINESE
2966,23,M,CHINESE
2948,23,M,CHINESE
2972,20,M,CHINESE
2962,20,M,CHINESE
2980,20,M,CHINESE
2967,19,F,INDIAN
2975,19,F,CHINESE
2987,20,F,CHINESE
2973,20,F,CHINESE
2976,20,F,CHINESE
2963,20,F,CHINESE
2981,20,F,CHINESE
2985,31,M,CHINESE
2992,31,M,CHINESE
2988,53,F,MALAY
2982,52,F,CHINESE
2977,50,F,CHINESE
2989,22,M,CHINESE
2990,33,M,MALAY
2979,31,F,MALAY
2984,21,F,CHINESE
2993,23,M,CHINESE
3009,32,F,INDIAN
3004,21,F,MALAY
2986,31,M,MALAY
3010,31,M,MALAY
2996,46,F,CHINESE
3005,52,F,CHINESE
2991,23,F,INDIAN
3011,53,F,INDIAN
3006,40,M,MALAY
3012,31,F,MALAY
3013,31,M,MALAY
2998,40,M,MALAY
3001,36,M,MALAY
3015,34,M,MALAY
2997,31,F,MALAY
2995,31,F,MALAY
3014,34,F,MALAY
2999,31,F,MALAY
3002,31,F,MALAY
3023,42,M,MALAY
3016,35,F,INDIAN
3017,51,M,MALAY
2877,46,F,CHINESE
2878,43,M,CHINESE
2879,18,F,INDIAN
3018,32,F,MALAY
3000,46,F,MALAY
3025,48,F,INDIAN
3020,31,M,MALAY
3008,54,F,CHINESE
3003,54,F,CHINESE
3019,54,F,INDIAN
3021,31,M,INDIAN
3026,51,M,MALAY
3041,31,F,INDIAN
3042,31,F,INDIAN
3033,31,F,CHINESE
3028,36,F,MALAY
3034,31,M,MALAY
3027,37,F,MALAY
3043,38,M,MALAY
3045,32,M,MALAY
3035,46,F,MALAY
3044,38,F,INDIAN
3029,31,M,INDIAN
3022,33,F,CHINESE
3030,44,M,INDIAN
3081,68,M,CHINESE
3031,31,F,MALAY
3052,41,F,MALAY
3051,31,F,INDIAN
3062,43,M,INDIAN
3056,31,F,INDIAN
3057,53,F,MALAY
3046,52,F,MALAY
3048,40,M,MALAY
3047,35,F,INDIAN
3053,31,F,INDIAN
3063,34,M,INDIAN
3032,31,M,MALAY
3065,60,M,CHINESE
3049,48,F,MALAY
3060,58,M,MALAY
3055,37,F,INDIAN
3070,33,M,INDIAN
3076,37,F,MALAY
3068,31,M,INDIAN
3061,49,M,MALAY
3071,38,M,INDIAN
3083,49,F,MALAY
3069,50,M,MALAY
3077,31,M,MALAY
3067,22,F,MALAY
3082,36,F,INDIAN
3093,56,M,CHINESE
3072,36,F,INDIAN
3078,54,F,INDIAN
3088,37,M,MALAY
3084,36,F,MALAY
3094,31,F,MALAY
3086,39,M,MALAY
3080,46,M,MALAY
3074,22,M,MALAY
3079,23,M,MALAY
3089,55,M,CHINESE
3085,65,M,CHINESE
3073,58,M,CHINESE
3099,46,F,INDIAN
3087,51,M,CHINESE
3075,22,M,CHINESE
3090,57,M,CHINESE
3095,31,F,INDIAN
3104,34,F,MALAY
3091,31,M,INDIAN
3100,40,M,CHINESE
3105,39,M,INDIAN
3109,34,M,INDIAN
3096,37,F,INDIAN
3092,31,M,CHINESE
3101,22,M,CHINESE
3106,21,M,CHINESE
3114,36,M,INDIAN
3097,31,M,MALAY
3103,49,M,CHINESE
3107,48,F,CHINESE
3110,33,M,INDIAN
3124,21,M,INDIAN
3108,23,M,INDIAN
3111,31,F,INDIAN
3115,23,M,INDIAN
3098,31,M,INDIAN
3130,23,F,INDIAN
3116,21,M,INDIAN
3125,24,M,INDIAN
3112,22,F,INDIAN
3136,60,F,INDIAN
3117,18,M,CHINESE
3113,19,M,CHINESE
3126,31,M,INDIAN
3118,46,M,CHINESE
3155,31,F,INDIAN
3127,46,M,INDIAN
3144,47,M,CHINESE
3131,31,F,INDIAN
3128,49,M,INDIAN
3141,57,M,INDIAN
3129,52,F,INDIAN
3132,31,M,INDIAN
3145,57,M,CHINESE
3137,31,F,INDIAN
3138,47,F,INDIAN
3146,31,M,INDIAN
3150,61,F,INDIAN
3142,56,M,INDIAN
3143,32,M,INDIAN
3139,56,M,CHINESE
3147,63,M,INDIAN
3134,68,M,INDIAN
3151,66,F,INDIAN
3153,35,M,CHINESE
3140,22,M,INDIAN
3154,22,M,INDIAN
3148,31,F,INDIAN
3157,46,M,CHINESE
3158,52,M,CHINESE
3135,20,F,INDIAN
3152,40,M,CHINESE
2831,21,F,CHINESE
3156,31,M,INDIAN
3163,31,F,INDIAN
2603,31,M,MALAY
2605,31,M,MALAY
2607,30,M,MALAY
2614,46,M,MALAY
2615,39,M,MALAY
2616,31,M,MALAY
3191,32,F,INDIAN
2613,35,F,INDIAN
2612,46,M,CHINESE
2622,46,F,CHINESE
2621,39,F,CHINESE
2623,44,F,CHINESE
2630,43,M,CHINESE
2636,40,M,CHINESE
2643,39,F,CHINESE
2649,46,M,CHINESE
2218,59,F,CHINESE
2022,22,M,CHINESE
2040,24,F,CHINESE
2035,19,M,CHINESE
2179,36,M,CHINESE
2034,50,F,CHINESE
2095,20,F,CHINESE
2094,21,F,CHINESE
2228,35,M,MALAY
2029,32,M,CHINESE
2230,20,F,CHINESE
2102,60,M,CHINESE
2202,23,F,CHINESE
2257,53,F,CHINESE
2046,60,F,CHINESE
2184,20,F,CHINESE
2092,35,F,CHINESE
2048,60,M,CHINESE
2183,20,F,CHINESE
2109,52,M,MALAY
2251,48,F,INDIAN
2047,60,M,CHINESE
2075,18,M,INDIAN
2041,30,F,CHINESE
2357,34,M,CHINESE
2042,34,M,CHINESE
2133,41,M,MALAY
2060,20,M,CHINESE
2072,20,F,CHINESE
2189,22,M,MALAY
2036,18,F,CHINESE
2300,19,F,CHINESE
2130,40,F,MALAY
2058,24,M,CHINESE
2044,49,M,MALAY
2057,28,M,INDIAN
2056,21,F,INDIAN
2055,30,M,INDIAN
2081,54,F,CHINESE
2204,31,F,CHINESE
2076,54,F,CHINESE
2137,20,F,INDIAN
2135,20,F,INDIAN
2146,18,F,CHINESE
2142,38,M,MALAY
2140,24,M,CHINESE
2151,22,F,CHINESE
2200,47,M,CHINESE
2152,40,F,CHINESE
2208,21,M,INDIAN
2254,18,F,CHINESE
2253,60,M,CHINESE
2252,19,F,CHINESE
2239,22,F,CHINESE
2241,32,M,CHINESE
2240,32,F,CHINESE
2319,18,F,CHINESE
2315,22,M,CHINESE
2246,22,F,MALAY
2247,19,F,MALAY
2249,20,M,CHINESE
2248,33,F,MALAY
2244,32,M,MALAY
2243,32,M,MALAY
2245,19,M,MALAY
2295,35,M,CHINESE
2356,35,F,CHINESE
2360,20,M,MALAY
2258,23,F,CHINESE
2255,18,M,INDIAN
2282,48,F,MALAY
2260,18,F,MALAY
2349,22,M,CHINESE
2285,53,F,CHINESE
2353,24,M,CHINESE
2352,24,M,CHINESE
2332,22,F,CHINESE
2309,21,M,CHINESE
2289,37,F,CHINESE
2318,22,M,INDIAN
2339,31,M,INDIAN
2329,60,F,CHINESE
2330,31,F,CHINESE
2301,41,F,CHINESE
2294,20,F,CHINESE
2302,23,F,CHINESE
2299,58,M,CHINESE
2316,23,M,CHINESE
2334,18,F,INDIAN
2326,23,M,CHINESE
2327,24,M,CHINESE
2328,23,M,CHINESE
2340,32,F,CHINESE
2361,20,M,MALAY
2358,31,M,CHINESE
2359,31,F,CHINESE
2400,46,M,INDIAN
2407,32,M,INDIAN
2419,20,M,MALAY
2424,18,M,MALAY
2425,18,M,MALAY
2422,31,M,INDIAN
2427,32,M,INDIAN
2428,18,M,MALAY
2435,31,M,MALAY
2442,35,M,MALAY
2441,35,M,MALAY
2468,32,M,INDIAN
2469,31,M,MALAY
2476,46,M,MALAY
2485,46,M,INDIAN
2487,46,F,INDIAN
2512,32,M,INDIAN
2513,31,M,INDIAN
2065,23,F,INDIAN
2210,21,F,INDIAN
2467,32,M,INDIAN
2484,46,M,INDIAN
2716,24,M,CHINESE
2723,21,F,CHINESE
2675,32,M,MALAY
2674,31,M,MALAY
2712,25,M,CHINESE
2720,34,M,CHINESE
2684,21,F,INDIAN
2711,24,M,MALAY
2699,21,F,CHINESE
2707,55,M,CHINESE
2722,25,F,CHINESE
2721,19,F,CHINESE
2732,20,F,CHINESE
2685,20,M,CHINESE
2738,20,F,CHINESE
2676,22,M,CHINESE
2733,21,F,CHINESE
2739,20,F,CHINESE
2724,20,F,CHINESE
2754,44,F,INDIAN
2744,41,F,CHINESE
2734,32,F,MALAY
2725,21,M,CHINESE
2740,22,M,CHINESE
2736,39,M,CHINESE
2749,23,F,CHINESE
2776,23,M,CHINESE
2750,23,F,CHINESE
2767,21,F,CHINESE
2772,21,F,CHINESE
2766,23,F,CHINESE
2745,23,F,CHINESE
2746,21,F,CHINESE
2735,25,M,CHINESE
2742,32,M,INDIAN
2741,24,M,CHINESE
2782,22,F,CHINESE
2773,21,F,CHINESE
2774,53,F,CHINESE
2726,31,F,CHINESE
2768,32,M,MALAY
2770,18,F,MALAY
2743,31,F,CHINESE
2788,31,F,CHINESE
2780,24,M,CHINESE
2784,24,M,INDIAN
2775,41,F,CHINESE
2727,44,F,MALAY
2728,22,F,INDIAN
2789,50,F,CHINESE
2783,51,F,CHINESE
2792,22,F,INDIAN
2769,48,F,MALAY
2790,33,F,CHINESE
2798,24,M,CHINESE
2799,25,M,INDIAN
2779,56,F,CHINESE
2778,24,M,CHINESE
2785,21,F,INDIAN
2729,23,F,MALAY
2791,52,M,CHINESE
2793,22,F,INDIAN
2786,24,F,MALAY
2829,18,M,MALAY
2781,43,M,MALAY
2795,22,M,MALAY
2800,20,F,MALAY
2835,39,F,CHINESE
2801,43,F,CHINESE
2802,21,F,MALAY
2796,19,F,MALAY
2839,23,F,CHINESE
2832,21,F,INDIAN
2797,32,F,CHINESE
2836,31,M,MALAY
2837,21,F,INDIAN
2803,21,F,CHINESE
2755,23,M,CHINESE
2834,50,F,CHINESE
2823,52,F,CHINESE
2840,18,F,CHINESE
2833,19,M,MALAY
2845,18,M,CHINESE
2841,48,F,CHINESE
2854,41,M,CHINESE
2824,23,F,CHINESE
2847,23,F,CHINESE
2838,19,F,CHINESE
2842,23,F,CHINESE
2825,20,M,CHINESE
2853,23,M,CHINESE
2826,22,F,CHINESE
2850,22,F,CHINESE
2859,24,F,CHINESE
2855,32,M,CHINESE
2849,22,F,CHINESE
2848,21,F,CHINESE
2827,22,F,CHINESE
2851,21,M,CHINESE
2856,22,M,CHINESE
2860,22,F,CHINESE
2869,22,F,CHINESE
2866,20,F,CHINESE
2806,20,F,CHINESE
2870,26,F,CHINESE
2811,26,M,CHINESE
2864,32,F,CHINESE
2810,57,M,CHINESE
2865,21,F,CHINESE
2863,56,F,CHINESE
2883,20,F,CHINESE
2812,25,M,CHINESE
2871,23,M,CHINESE
2867,21,F,CHINESE
2807,21,F,CHINESE
2885,23,F,CHINESE
2809,26,M,CHINESE
2894,26,F,CHINESE
2890,23,F,CHINESE
2808,42,F,CHINESE
2872,25,M,CHINESE
2884,25,M,CHINESE
2868,43,F,CHINESE
2901,31,F,CHINESE
2891,34,M,CHINESE
2895,23,M,CHINESE
2886,23,F,CHINESE
2896,44,F,CHINESE
2887,22,M,CHINESE
2913,23,M,CHINESE
2893,20,M,CHINESE
2905,24,F,CHINESE
2892,32,F,CHINESE
2904,33,M,CHINESE
2898,21,M,CHINESE
2899,23,M,CHINESE
2914,40,F,CHINESE
2909,21,F,CHINESE
2915,39,M,INDIAN
2924,36,M,INDIAN
2906,18,M,MALAY
2918,24,F,CHINESE
2925,20,F,CHINESE
2908,32,M,CHINESE
2926,23,M,CHINESE
2920,32,M,CHINESE
2620,26,M,CHINESE
3500,23,F,CHINESE
2758,27,M,CHINESE
2759,19,M,CHINESE
2757,22,M,CHINESE
2761,30,F,CHINESE
2760,22,M,CHINESE
2813,21,M,CHINESE
2815,46,F,MALAY
2814,19,F,MALAY
2817,22,M,CHINESE
2818,21,M,INDIAN
2821,18,F,INDIAN
2601,60,M,CHINESE
2602,19,F,CHINESE
2604,21,F,CHINESE
2606,28,F,CHINESE
2608,19,F,CHINESE
2611,19,F,CHINESE
2624,21,F,CHINESE
2625,22,F,CHINESE
2626,20,F,CHINESE
2627,20,M,CHINESE
2628,20,F,CHINESE
2629,22,M,CHINESE
2631,20,F,CHINESE
2632,20,F,CHINESE
2619,19,F,CHINESE
2634,18,F,CHINESE
2695,30,M,CHINESE
2637,35,F,CHINESE
2641,25,M,MALAY
2656,23,F,CHINESE
2658,41,F,MALAY
2659,23,F,CHINESE
2660,26,M,CHINESE
2665,56,F,CHINESE
2666,50,F,CHINESE
2667,24,M,MALAY
2669,59,M,CHINESE
2681,22,F,CHINESE
2688,42,F,CHINESE
2687,24,F,CHINESE
2691,23,M,CHINESE
2694,21,F,CHINESE
2655,44,M,CHINESE
2692,44,M,CHINESE
2639,35,M,CHINESE
2696,25,M,CHINESE
2701,30,M,CHINESE
2644,49,M,INDIAN
2679,22,F,INDIAN
2654,22,F,MALAY
2668,22,F,MALAY
2609,19,F,CHINESE
2610,21,F,CHINESE
2001,24,F,MALAY
2002,25,F,INDIAN
2003,25,M,MALAY
2004,23,F,CHINESE
2005,41,F,CHINESE
2061,31,M,CHINESE
2008,25,M,CHINESE
2009,24,M,CHINESE
2007,36,M,CHINESE
2012,23,M,CHINESE
2018,22,M,CHINESE
2111,22,M,CHINESE
2013,38,M,MALAY
2006,40,M,CHINESE
2062,42,M,CHINESE
2011,56,F,CHINESE
2019,59,F,CHINESE
2015,35,M,CHINESE
2261,20,F,CHINESE
2116,23,M,CHINESE
2016,60,F,CHINESE
2113,35,F,CHINESE
2023,22,M,CHINESE
2064,30,M,CHINESE
2242,23,M,CHINESE
2165,19,F,CHINESE
2123,35,F,CHINESE
2112,26,F,CHINESE
2020,22,M,CHINESE
2217,28,M,MALAY
2162,48,F,CHINESE
2263,60,F,CHINESE
2017,57,F,CHINESE
2021,21,F,CHINESE
2063,37,M,CHINESE
2273,44,M,CHINESE
2311,22,F,CHINESE
2220,53,F,CHINESE
2269,49,F,CHINESE
2166,22,F,CHINESE
2216,22,M,CHINESE
2025,18,M,CHINESE
2066,36,M,CHINESE
2122,54,F,CHINESE
2118,34,F,CHINESE
2119,50,M,CHINESE
2031,24,F,CHINESE
2281,23,F,CHINESE
2024,22,F,INDIAN
2270,20,F,CHINESE
2124,22,F,CHINESE
2069,22,F,CHINESE
2028,23,F,CHINESE
2121,38,F,CHINESE
2169,43,F,CHINESE
2083,47,F,CHINESE
2084,49,M,CHINESE
2082,26,F,CHINESE
2167,43,F,MALAY
2027,39,F,CHINESE
2267,23,F,CHINESE
2120,24,F,CHINESE
2067,34,F,CHINESE
2049,21,F,CHINESE
2106,42,F,INDIAN
2070,42,F,CHINESE
2117,51,M,INDIAN
2030,23,F,CHINESE
2174,37,F,CHINESE
2071,39,F,CHINESE
2038,22,M,MALAY
2226,51,F,CHINESE
2043,21,F,CHINESE
2178,30,F,MALAY
2073,18,F,INDIAN
2033,37,M,CHINESE
2191,34,F,INDIAN
2126,23,F,CHINESE
2074,51,M,INDIAN
2100,42,F,CHINESE
2050,23,M,INDIAN
2097,25,F,CHINESE
2125,32,F,CHINESE
2101,24,M,CHINESE
2099,49,M,CHINESE
2129,45,F,CHINESE
2079,28,F,CHINESE
2077,28,F,CHINESE
2136,20,F,INDIAN
2080,22,M,CHINESE
2088,48,F,MALAY
2086,47,F,MALAY
2091,22,F,MALAY
2090,20,F,INDIAN
2085,41,F,CHINESE
2093,24,F,INDIAN
2110,25,M,INDIAN
2087,49,F,MALAY
2098,48,F,MALAY
2103,20,F,CHINESE
2150,50,M,CHINESE
2147,18,F,INDIAN
2139,57,F,CHINESE
2148,19,F,INDIAN
2149,19,F,INDIAN
2203,23,F,CHINESE
2145,39,M,MALAY
2138,60,F,CHINESE
2108,40,F,INDIAN
2107,41,M,MALAY
2134,32,F,CHINESE
2144,50,F,CHINESE
2128,19,F,CHINESE
2156,35,F,MALAY
2157,57,M,INDIAN
2153,25,M,INDIAN
2141,36,F,CHINESE
2127,19,F,CHINESE
2198,48,F,MALAY
2143,23,F,INDIAN
2154,23,M,INDIAN
2284,39,M,CHINESE
2185,33,F,CHINESE
2186,40,F,INDIAN
2193,21,F,CHINESE
2194,23,M,CHINESE
2159,21,M,CHINESE
2187,21,F,CHINESE
2196,40,M,CHINESE
2188,21,M,CHINESE
2207,22,M,INDIAN
2192,24,M,CHINESE
2199,35,M,CHINESE
2291,20,M,CHINESE
2205,24,F,CHINESE
2206,36,M,MALAY
2250,23,F,INDIAN
2238,24,M,CHINESE
2222,25,F,CHINESE
2052,22,F,CHINESE
2650,46,F,INDIAN
2429,18,M,INDIAN
