speaker_id,speaker_key,part,age,gender,ethnicity,age_group,tsne_1,tsne_2
0001,,,2X,F,MALAY,2X,3.7703104,-23.07585
0004,,,2X,F,CHINESE,2X,2.4433804,-21.92787
0005,,,4X,F,CHINESE,4X,6.055453,-19.961731
0006,,,3X,M,CHINESE,3X,-2.023848,-2.7715476
0007,,,3X,M,CHINESE,3X,-0.43875048,-6.382478
0008,,,2X,M,CHINESE,2X,-0.53644186,-2.7515144
0009,,,2X,M,CHINESE,2X,-1.6650034,-3.9925666
0010,,,2X,M,CHINESE,2X,-1.4432186,-9.352439
0012,,,2X,M,CHINESE,2X,-0.2106219,-7.2665615
0013,,,3X,M,MALAY,3X,-8.307209,0.32472908
0018,,,4X,M,CHINESE,4X,-3.5098526,-1.5127273
0019,,,4X,M,CHINESE,4X,-14.556236,2.048165
0023,,,5X,F,CHINESE,5X,1.0778391,-25.079271
0024,,,2X,M,CHINESE,2X,-10.260981,1.0068767
0025,,,5X,F,CHINESE,5X,1.5900056,-22.973984
0026,,,5X,F,CHINESE,5X,-22.036245,-5.79039
0027,,,5X,F,CHINESE,5X,7.618618,-21.559237
0029,,,2X,F,CHINESE,2X,-22.556433,-17.910109
0030,,,5X,M,CHINESE,5X,-18.213987,1.200692
0032,,,4X,F,CHINESE,4X,6.459979,-22.422909
0033,,,2X,F,CHINESE,2X,9.993688,-19.338165
0035,,,2X,M,CHINESE,2X,-6.236991,-2.6479518
0036,,,3X,M,CHINESE,3X,-8.243865,38.33352
0037,,,2X,F,INDIAN,2X,1.55968,-16.424782
0038,,,2X,F,CHINESE,2X,-9.140532,31.534857
0040,,,3X,F,CHINESE,3X,-8.926859,-16.119083
0041,,,2X,F,CHINESE,2X,-23.706682,-0.7170269
0042,,,5X,M,CHINESE,5X,-14.570477,-3.2818172
0043,,,4X,M,CHINESE,4X,-15.04409,-2.7613244
0044,,,5X,M,CHINESE,5X,-11.124427,-1.1976632
0045,,,2X,F,MALAY,2X,-8.817871,15.856042
0046,,,3X,M,CHINESE,3X,-16.088799,0.7038228
0047,,,2X,M,INDIAN,2X,-7.8601704,-3.4149003
0049,,,3X,M,CHINESE,3X,-7.6952896,-3.1638236
0052,,,4X,M,CHINESE,4X,-15.366322,-1.9805361
0053,,,2X,F,CHINESE,2X,-24.333782,-0.52406585
0054,,,2X,F,CHINESE,2X,-24.095976,-0.9787925
0056,,,2X,M,CHINESE,2X,-17.637928,-0.52233464
0057,,,2X,F,CHINESE,2X,-22.906311,0.96192294
0058,,,1X,F,CHINESE,1X,-3.2693577,-26.545687
0059,,,2X,M,CHINESE,2X,-1.9131933,-15.691822
0060,,,6X,F,CHINESE,6X,10.591576,-5.9463925
0062,,,4X,F,CHINESE,4X,26.744566,0.65494174
0064,,,3X,F,CHINESE,3X,24.529385,-6.2887855
0066,,,2X,F,CHINESE,2X,13.579531,-1.5691515
0067,,,3X,F,CHINESE,3X,-26.405624,-9.259599
0068,,,2X,F,CHINESE,2X,13.6273575,-1.8797905
0070,,,5X,M,INDIAN,5X,14.67577,13.830767
0071,,,2X,F,CHINESE,2X,1.321106,-20.695099
0073,,,4X,F,CHINESE,4X,-7.91749,-16.170921
0074,,,2X,M,CHINESE,2X,-8.87751,-15.477332
0075,,,2X,M,MALAY,2X,-17.2412,-3.6806943
0076,,,4X,F,CHINESE,4X,-21.06931,-15.067893
0077,,,4X,F,CHINESE,4X,-23.495596,-6.2482
0078,,,2X,M,MALAY,2X,-9.6157055,-2.2706394
0079,,,2X,F,CHINESE,2X,-19.688057,-17.7563
0080,,,3X,F,CHINESE,3X,-19.357265,-15.229194
0081,,,2X,F,CHINESE,2X,-13.421556,-12.766507
0082,,,3X,F,CHINESE,3X,-19.484198,-15.808999
0083,,,4X,M,CHINESE,4X,-16.457537,-1.6979707
0085,,,3X,F,CHINESE,3X,-20.59131,-15.818463
0087,,,2X,F,CHINESE,2X,-8.652317,-15.532057
0090,,,5X,F,CHINESE,5X,-22.722593,-6.770786
0091,,,2X,F,CHINESE,2X,-20.559523,-1.0185903
0092,,,3X,F,CHINESE,3X,-17.617842,-4.624331
0095,,,4X,F,CHINESE,4X,-22.791376,-15.612037
0096,,,3X,M,MALAY,3X,-14.681423,-4.2677402
0097,,,4X,F,CHINESE,4X,3.0416422,-20.374056
0099,,,2X,M,CHINESE,2X,-16.47278,2.2333994
0100,,,2X,F,CHINESE,2X,-19.453247,15.754067
0101,,,5X,F,CHINESE,5X,-17.983921,16.149426
0105,,,2X,F,CHINESE,2X,-22.94166,16.901773
0106,,,5X,F,CHINESE,5X,-26.553593,-5.517023
0107,,,3X,M,CHINESE,3X,-21.198574,9.122347
0108,,,3X,F,CHINESE,3X,-18.911999,20.360147
0109,,,2X,F,CHINESE,2X,-10.014057,33.11691
0110,,,2X,F,INDIAN,2X,-27.725456,-7.3635726
0111,,,2X,M,CHINESE,2X,-19.753847,13.838933
0112,,,2X,F,CHINESE,2X,-23.620361,16.918274
0114,,,3X,F,CHINESE,3X,-20.857134,12.405389
0115,,,2X,F,CHINESE,2X,-23.913137,17.329432
0116,,,2X,M,MALAY,2X,-4.5170474,32.866573
0117,,,2X,M,CHINESE,2X,-2.5438952,-1.7408148
0119,,,2X,F,CHINESE,2X,-9.527924,32.809044
0120,,,5X,M,MALAY,5X,-8.090907,-6.8060584
0121,,,5X,F,CHINESE,5X,-22.355055,-8.9102
0124,,,6X,F,CHINESE,6X,-16.62972,20.399572
0125,,,2X,M,CHINESE,2X,-8.732656,37.051334
0126,,,2X,M,CHINESE,2X,-21.4593,23.03885
0127,,,2X,M,CHINESE,2X,-20.866266,23.067993
0129,,,2X,M,CHINESE,2X,0.8368767,-2.8244288
0131,,,3X,M,CHINESE,3X,-20.03226,24.695154
0132,,,4X,F,CHINESE,4X,-25.103065,-7.506786
0135,,,3X,F,CHINESE,3X,-19.497355,20.626776
0136,,,2X,F,CHINESE,2X,-23.715607,15.7690325
0137,,,4X,F,MALAY,4X,-16.256271,18.659386
0139,,,2X,F,CHINESE,2X,-20.147985,21.292177
0142,,,6X,F,CHINESE,6X,-18.40275,18.573833
0143,,,1X,M,MALAY,1X,-20.736862,23.863934
0144,,,2X,F,CHINESE,2X,-18.380922,20.986061
0147,,,3X,M,CHINESE,3X,-6.7764897,36.054764
0149,,,2X,F,CHINESE,2X,-19.169949,21.589085
0151,,,3X,F,CHINESE,3X,-13.019087,35.312565
0152,,,2X,F,CHINESE,2X,-20.997478,-17.200829
0153,,,2X,M,MALAY,2X,-4.300227,-5.5073037
0155,,,4X,M,MALAY,4X,-16.739885,26.739286
0156,,,2X,F,INDIAN,2X,4.077665,-24.90459
0157,,,2X,F,CHINESE,2X,-22.417923,-0.26525414
0158,,,2X,F,CHINESE,2X,-2.0384316,-23.62294
0159,,,3X,M,CHINESE,3X,-1.2965761,-3.703612
0160,,,2X,F,CHINESE,2X,-10.904413,-13.947051
0164,,,4X,M,MALAY,4X,-27.924726,-11.834819
0165,,,2X,M,INDIAN,2X,-18.489582,3.6080787
0167,,,2X,F,CHINESE,2X,-3.0872488,-17.105185
0168,,,3X,M,INDIAN,3X,-4.915091,31.247572
0170,,,1X,F,CHINESE,1X,3.4754362,14.010726
0171,,,3X,F,CHINESE,3X,-1.9924419,-16.904436
0172,,,4X,F,CHINESE,4X,-9.608786,34.0931
0173,,,1X,M,CHINESE,1X,-24.739677,-10.482713
0174,,,2X,F,CHINESE,2X,-11.909983,33.709827
0175,,,3X,M,CHINESE,3X,-17.22149,27.65739
0176,,,4X,M,CHINESE,4X,-13.069337,-7.702819
0177,,,1X,F,CHINESE,1X,-20.576609,-16.236633
0179,,,3X,M,CHINESE,3X,-5.2822227,-2.8221326
0180,,,2X,F,CHINESE,2X,-20.817411,-10.989394
0182,,,3X,M,INDIAN,3X,-3.8064153,32.38636
0183,,,3X,M,CHINESE,3X,-2.4179904,-6.739928
0184,,,6X,M,CHINESE,6X,-12.25206,-6.816956
0185,,,3X,M,INDIAN,3X,-2.8582132,33.52649
0186,,,2X,F,INDIAN,2X,-18.34194,-13.714165
0188,,,2X,F,CHINESE,2X,-17.639662,-17.467691
0190,,,3X,M,MALAY,3X,-4.782508,-2.5389414
0193,,,5X,F,CHINESE,5X,-19.287188,19.219156
0194,,,1X,M,MALAY,1X,-0.21670116,31.052273
0195,,,2X,F,CHINESE,2X,-13.450352,27.282072
0196,,,5X,F,CHINESE,5X,-13.932464,27.310965
0197,,,3X,F,CHINESE,3X,-16.297852,21.76377
0199,,,2X,F,CHINESE,2X,-18.911562,21.994928
0201,,,5X,M,MALAY,5X,-19.164341,25.754122
0202,,,2X,F,CHINESE,2X,-19.794842,18.6608
0204,,,1X,M,INDIAN,1X,-8.213282,36.228294
0205,,,2X,M,CHINESE,2X,-8.923368,35.742138
0206,,,3X,F,MALAY,3X,3.4952695,-26.218874
0207,,,2X,F,INDIAN,2X,-13.449468,12.948622
0208,,,2X,F,CHINESE,2X,-19.82541,21.181368
0209,,,5X,F,CHINESE,5X,-27.065563,-5.57452
0210,,,1X,F,MALAY,1X,-16.511684,17.196333
0212,,,2X,M,CHINESE,2X,-21.347155,22.331726
0216,,,4X,F,INDIAN,4X,-13.4701185,28.733883
0217,,,5X,M,INDIAN,5X,-1.1341431,33.809742
0218,,,3X,M,CHINESE,3X,-20.102753,4.264642
0219,,,6X,M,CHINESE,6X,-21.226961,26.25638
0220,,,2X,M,INDIAN,2X,-2.905238,-7.53291
0221,,,3X,F,MALAY,3X,4.403283,-20.699804
0224,,,5X,M,MALAY,5X,-1.414428,-0.008273197
0227,,,2X,F,MALAY,2X,-29.939713,-6.8255334
0228,,,3X,F,INDIAN,3X,2.2764344,-15.172587
0230,,,1X,M,CHINESE,1X,-6.282222,35.038414
0231,,,3X,F,MALAY,3X,-7.917514,33.22799
0234,,,1X,F,INDIAN,1X,-14.725309,34.154545
0235,,,4X,F,MALAY,4X,-31.474648,0.53721094
0237,,,3X,F,INDIAN,3X,5.4746003,-10.387875
0238,,,1X,M,MALAY,1X,-4.6437364,35.90659
0240,,,3X,F,MALAY,3X,3.7890668,-16.027786
0241,,,2X,F,CHINESE,2X,-26.685322,-0.95754087
0242,,,4X,F,MALAY,4X,-6.0082755,31.57723
0244,,,3X,M,CHINESE,3X,-5.9213243,34.52882
0245,,,3X,M,INDIAN,3X,4.080965,-6.7819605
0246,,,2X,M,MALAY,2X,-4.6765757,-5.572578
0247,,,3X,M,CHINESE,3X,-0.19507906,-11.1625805
0248,,,2X,F,CHINESE,2X,-8.001876,25.698929
0250,,,3X,M,INDIAN,3X,23.615622,5.1198697
0251,,,6X,M,CHINESE,6X,21.564432,5.5188646
0252,,,1X,F,CHINESE,1X,3.3327434,-12.42427
0253,,,1X,F,CHINESE,1X,26.112665,0.37479663
0255,,,4X,F,INDIAN,4X,14.302663,-8.585165
0256,,,2X,F,CHINESE,2X,5.0333047,19.804092
0257,,,2X,F,INDIAN,2X,-6.7607255,31.597927
0258,,,1X,F,CHINESE,1X,22.883074,-5.3668895
0260,,,2X,F,CHINESE,2X,24.549799,2.8980656
0261,,,1X,F,CHINESE,1X,7.0349073,18.421978
0262,,,2X,F,CHINESE,2X,22.106546,1.2285731
0263,,,2X,F,CHINESE,2X,21.809523,-3.5702677
0264,,,2X,F,CHINESE,2X,26.803734,-16.187792
0267,,,2X,M,CHINESE,2X,-5.7860847,37.264027
0268,,,1X,M,CHINESE,1X,-8.424446,27.001827
0270,,,2X,F,CHINESE,2X,17.787561,-9.329601
0271,,,6X,M,INDIAN,6X,16.876741,-0.7887856
0272,,,1X,F,CHINESE,1X,8.662079,19.061514
0273,,,2X,M,CHINESE,2X,9.440188,18.516804
0274,,,2X,F,CHINESE,2X,6.4797435,18.215778
0277,,,3X,M,INDIAN,3X,1.5854393,-7.2420964
0278,,,5X,F,INDIAN,5X,6.7380104,-10.289204
0280,,,6X,F,INDIAN,6X,8.66633,-12.295545
0281,,,5X,M,CHINESE,5X,-0.92973393,-7.7200465
0282,,,3X,M,INDIAN,3X,-3.1666093,1.5257568
0283,,,6X,M,INDIAN,6X,8.913368,3.4470234
0284,,,1X,F,CHINESE,1X,23.934244,-1.741917
0286,,,2X,M,INDIAN,2X,2.1912265,-10.098298
0287,,,3X,M,MALAY,3X,16.062439,4.00465
0288,,,3X,M,MALAY,3X,18.675001,7.6081557
0289,,,5X,M,CHINESE,5X,12.268326,12.9189005
0290,,,3X,F,CHINESE,3X,12.201531,-18.687057
0291,,,2X,M,MALAY,2X,0.5690088,32.401752
0292,,,3X,M,MALAY,3X,19.68546,5.0306644
0294,,,4X,M,INDIAN,4X,18.763798,15.561614
0295,,,2X,M,CHINESE,2X,15.1977825,8.577341
0296,,,2X,F,CHINESE,2X,23.30721,-4.4854183
0297,,,3X,F,INDIAN,3X,23.062885,-1.719202
0299,,,3X,M,MALAY,3X,19.438341,6.2844796
0302,,,3X,M,MALAY,3X,21.528841,4.390467
0306,,,2X,M,CHINESE,2X,5.862601,1.6697731
0307,,,2X,F,CHINESE,2X,17.498407,-4.9794936
0308,,,4X,F,CHINESE,4X,20.570225,2.2881129
0309,,,4X,F,MALAY,4X,18.266699,-2.1667843
0310,,,2X,F,CHINESE,2X,24.517452,-10.9491
0312,,,5X,F,CHINESE,5X,-9.15635,29.681301
0314,,,2X,M,CHINESE,2X,-17.908459,7.6841707
0315,,,1X,F,CHINESE,1X,12.666835,-1.5462347
0316,,,5X,F,CHINESE,5X,7.391245,17.072392
0317,,,3X,F,CHINESE,3X,20.753292,1.7379208
0318,,,2X,M,MALAY,2X,11.44474,8.22044
0319,,,2X,F,MALAY,2X,22.435583,-0.4263058
0320,,,2X,M,CHINESE,2X,24.073822,2.3118708
0321,,,5X,M,CHINESE,5X,17.891031,13.550674
0322,,,3X,F,MALAY,3X,19.740692,-1.4410331
0323,,,3X,M,MALAY,3X,15.410262,10.019666
0324,,,3X,F,CHINESE,3X,24.534924,1.1997627
0325,,,2X,F,CHINESE,2X,20.78012,-3.7476864
0326,,,3X,M,MALAY,3X,15.406226,12.12728
0327,,,2X,M,CHINESE,2X,21.463625,7.0100017
0328,,,4X,F,CHINESE,4X,19.677647,-2.7340589
0329,,,4X,F,CHINESE,4X,23.085775,-0.96538746
0330,,,4X,M,CHINESE,4X,22.462463,5.9043474
0332,,,2X,F,INDIAN,2X,19.65004,-6.4410706
0333,,,3X,F,MALAY,3X,22.654945,-8.329169
0334,,,2X,F,CHINESE,2X,13.397113,-19.371712
0335,,,2X,F,MALAY,2X,-30.330833,-8.334487
0338,,,4X,F,CHINESE,4X,26.209846,-5.743941
0339,,,4X,M,CHINESE,4X,15.146925,5.472637
0340,,,2X,M,CHINESE,2X,23.140917,2.9591558
0341,,,2X,F,CHINESE,2X,21.345854,-4.340928
0344,,,1X,F,CHINESE,1X,31.83024,-14.768308
0346,,,4X,M,CHINESE,4X,10.627733,8.911654
0347,,,4X,M,CHINESE,4X,19.370907,13.576457
0348,,,2X,F,CHINESE,2X,23.200422,-6.255649
0349,,,3X,F,CHINESE,3X,20.359863,2.8489602
0353,,,2X,M,CHINESE,2X,-0.7741721,1.5733548
0354,,,2X,F,CHINESE,2X,-10.86442,-13.914308
0356,,,3X,M,CHINESE,3X,23.058592,9.303814
0357,,,3X,F,CHINESE,3X,28.545961,-5.649869
0358,,,2X,M,MALAY,2X,10.632614,18.659485
0360,,,2X,F,MALAY,2X,19.306744,-1.7482635
0361,,,4X,M,CHINESE,4X,-4.6609907,14.061908
0363,,,5X,F,MALAY,5X,8.6940365,-17.446657
0364,,,2X,M,CHINESE,2X,-8.15282,3.7880013
0365,,,2X,M,MALAY,2X,-5.2054453,0.026717119
0366,,,3X,M,CHINESE,3X,20.992895,7.0905266
0367,,,5X,F,MALAY,5X,17.658298,-1.6828904
0370,,,2X,M,MALAY,2X,14.202648,10.124059
0371,,,2X,M,CHINESE,2X,11.086248,4.1868014
0374,,,4X,F,CHINESE,4X,21.58133,-1.6853206
0375,,,2X,M,CHINESE,2X,17.453693,10.529345
0377,,,2X,F,CHINESE,2X,24.48049,-1.8880843
0378,,,2X,F,CHINESE,2X,21.120321,1.2037311
0379,,,4X,M,CHINESE,4X,19.98687,9.116884
0380,,,2X,F,INDIAN,2X,-0.07476755,-22.408281
0381,,,2X,M,CHINESE,2X,16.343214,-20.079268
0383,,,2X,F,CHINESE,2X,25.151209,-13.597032
0384,,,2X,F,CHINESE,2X,29.58633,-14.51583
0385,,,3X,F,MALAY,3X,-1.8816034,-20.239822
0386,,,2X,M,CHINESE,2X,4.095556,-1.7210281
0387,,,3X,M,CHINESE,3X,-0.93496937,-10.576078
0389,,,2X,F,CHINESE,2X,25.040548,-4.873537
0390,,,4X,F,CHINESE,4X,19.738674,-0.020897035
0391,,,2X,M,CHINESE,2X,21.38125,8.430676
0393,,,3X,M,INDIAN,3X,14.398301,13.213759
0394,,,2X,F,CHINESE,2X,32.531826,-13.355137
0395,,,4X,F,CHINESE,4X,24.952389,-8.585971
0396,,,2X,F,CHINESE,2X,4.7960267,-22.207184
0399,,,5X,F,CHINESE,5X,20.363758,-2.967736
0400,,,2X,M,CHINESE,2X,13.167905,4.524941
0401,,,2X,F,CHINESE,2X,21.372932,0.5461461
0403,,,2X,F,CHINESE,2X,24.675522,-3.5438406
0404,,,1X,F,CHINESE,1X,11.078213,-18.577896
0406,,,4X,F,INDIAN,4X,33.33747,-9.306956
0407,,,5X,M,CHINESE,5X,19.5195,14.354153
0408,,,2X,M,CHINESE,2X,11.268928,4.926806
0412,,,2X,M,CHINESE,2X,10.823669,18.217745
0414,,,2X,F,CHINESE,2X,23.22429,-16.014065
0416,,,1X,F,MALAY,1X,11.774524,-8.383148
0417,,,3X,M,MALAY,3X,16.724432,13.11239
0418,,,4X,F,MALAY,4X,20.326061,17.132433
0420,,,2X,M,CHINESE,2X,10.922879,4.0591516
0421,,,2X,F,CHINESE,2X,26.380878,-10.841779
0422,,,2X,F,CHINESE,2X,20.46566,-14.943476
0423,,,5X,F,CHINESE,5X,14.65542,-15.339969
0424,,,4X,F,CHINESE,4X,14.339241,-14.8247595
0426,,,3X,F,CHINESE,3X,23.679482,-5.242421
0427,,,5X,F,CHINESE,5X,11.054521,-16.08178
0428,,,2X,M,CHINESE,2X,11.742528,6.1171722
0430,,,5X,F,CHINESE,5X,17.926292,-13.337992
0431,,,2X,F,CHINESE,2X,22.730051,-11.84393
0432,,,4X,F,INDIAN,4X,11.956301,-10.077934
0437,,,2X,F,CHINESE,2X,-0.24271697,-23.014297
0439,,,5X,F,CHINESE,5X,15.001731,-18.206684
0440,,,2X,M,INDIAN,2X,-10.287201,5.7420115
0443,,,3X,F,CHINESE,3X,16.00213,-20.88992
0446,,,2X,F,INDIAN,2X,-13.006071,-18.462473
0451,,,3X,F,CHINESE,3X,5.3424525,0.4919472
0452,,,5X,M,CHINESE,5X,8.569828,-1.0937295
0455,,,2X,F,INDIAN,2X,7.7943583,-25.650255
0456,,,2X,F,CHINESE,2X,19.339203,-13.943686
0458,,,5X,F,CHINESE,5X,13.523009,-14.332088
0460,,,3X,F,CHINESE,3X,28.322832,-13.769818
0461,,,2X,F,INDIAN,2X,7.482675,-19.402838
0462,,,2X,F,MALAY,2X,4.257342,-25.166714
0463,,,3X,F,CHINESE,3X,17.916466,-4.3692756
0465,,,2X,M,CHINESE,2X,10.118158,19.107126
0466,,,1X,F,MALAY,1X,16.225567,-9.853048
0468,,,2X,M,INDIAN,2X,-0.70162195,3.349084
0469,,,2X,M,CHINESE,2X,22.0817,5.2013583
0473,,,2X,M,INDIAN,2X,-9.985528,9.144693
0474,,,5X,F,CHINESE,5X,16.81143,-2.6087518
0475,,,2X,F,MALAY,2X,20.198235,-7.3289757
0478,,,2X,F,CHINESE,2X,-1.1254865,-26.618681
0479,,,4X,M,MALAY,4X,13.913484,13.04863
0480,,,5X,F,CHINESE,5X,11.362983,-15.300922
0481,,,5X,F,CHINESE,5X,18.284801,-12.905659
0482,,,2X,F,CHINESE,2X,24.672136,-17.485584
0484,,,2X,F,CHINESE,2X,20.961912,-0.9478349
0485,,,1X,M,MALAY,1X,-6.0938115,-4.6627083
0488,,,1X,M,MALAY,1X,-8.552291,2.567676
0490,,,2X,M,CHINESE,2X,-6.7711782,-1.3896149
0491,,,3X,F,CHINESE,3X,24.13802,-19.273193
0492,,,3X,M,MALAY,3X,3.4088278,-4.243905
0493,,,2X,F,INDIAN,2X,19.040764,-7.264342
0494,,,2X,F,CHINESE,2X,22.544102,-2.7663245
0495,,,2X,F,CHINESE,2X,21.114895,-12.272351
0497,,,4X,F,CHINESE,4X,-2.014742,-20.683674
0498,,,2X,F,CHINESE,2X,26.853323,-9.736866
0501,,,3X,M,CHINESE,3X,-26.40136,-7.933346
0502,,,2X,F,MALAY,2X,-16.278486,16.379068
0503,,,2X,F,MALAY,2X,-14.685694,12.3569765
0504,,,2X,F,CHINESE,2X,-22.096916,-1.6702343
0505,,,4X,F,INDIAN,4X,-14.758831,-16.217808
0508,,,2X,F,CHINESE,2X,-4.1599464,-24.998596
0509,,,3X,F,CHINESE,3X,-2.2857487,-16.969458
0511,,,4X,F,MALAY,4X,-3.7469418,-16.185335
0512,,,2X,M,CHINESE,2X,-12.954157,0.6922756
0513,,,2X,M,INDIAN,2X,-24.833845,23.058668
0514,,,5X,F,MALAY,5X,-17.002184,-14.967906
0516,,,3X,M,CHINESE,3X,-14.3224325,-5.017485
0517,,,1X,F,INDIAN,1X,-7.559786,-18.321114
0518,,,3X,F,CHINESE,3X,3.4328053,20.718819
0519,,,2X,F,INDIAN,2X,-10.297609,31.511833
0520,,,2X,F,INDIAN,2X,-19.896097,17.468822
0521,,,2X,F,INDIAN,2X,9.5622015,-20.510067
0522,,,2X,F,CHINESE,2X,-24.515877,3.8460793
0523,,,4X,M,CHINESE,4X,4.637147,11.652319
0526,,,2X,M,CHINESE,2X,-18.095768,4.5103407
0529,,,4X,F,MALAY,4X,-17.582836,-12.682216
0530,,,4X,F,MALAY,4X,-17.420591,20.238981
0532,,,2X,F,MALAY,2X,-15.052173,-9.979239
0533,,,2X,F,INDIAN,2X,-19.897507,-5.2343807
0537,,,2X,M,INDIAN,2X,1.172722,-8.814473
0538,,,4X,F,MALAY,4X,-4.76012,-15.600161
0539,,,1X,M,MALAY,1X,-2.873683,30.711489
0540,,,2X,F,CHINESE,2X,-20.902882,0.25075823
0541,,,2X,F,CHINESE,2X,-21.120926,-4.9079065
0542,,,5X,M,CHINESE,5X,-14.230619,-0.072748125
0543,,,4X,M,MALAY,4X,-13.337673,-1.5211318
0545,,,4X,F,INDIAN,4X,-3.5868342,-21.79001
0547,,,5X,M,CHINESE,5X,-17.133474,2.793625
0548,,,2X,F,CHINESE,2X,-22.309752,-0.5682291
0549,,,5X,M,INDIAN,5X,-8.772399,7.2292156
0550,,,1X,F,INDIAN,1X,-19.267006,-13.0215225
0553,,,5X,F,CHINESE,5X,-17.766954,20.239298
0554,,,5X,F,CHINESE,5X,-20.38245,-9.386185
0555,,,6X,F,CHINESE,6X,-9.183184,34.194622
0557,,,2X,M,CHINESE,2X,-10.102887,37.10327
0558,,,3X,M,MALAY,3X,-10.932876,37.67522
0565,,,5X,F,CHINESE,5X,-21.00592,-14.086365
0566,,,3X,M,CHINESE,3X,-0.22140934,-9.091275
0567,,,3X,F,MALAY,3X,-21.93916,-4.45815
0569,,,2X,M,INDIAN,2X,-8.07446,6.710266
0570,,,5X,M,INDIAN,5X,-10.473237,7.80667
0571,,,3X,F,CHINESE,3X,13.912569,-23.189735
0572,,,1X,F,CHINESE,1X,-4.4302144,-25.241463
0575,,,1X,F,INDIAN,1X,-18.823189,-8.749574
0576,,,1X,M,MALAY,1X,-1.2457993,32.316814
0579,,,3X,M,CHINESE,3X,-10.97233,4.659143
0580,,,3X,M,INDIAN,3X,4.84558,-10.346593
0581,,,1X,M,MALAY,1X,3.4352856,30.764124
0582,,,3X,M,INDIAN,3X,-1.873349,35.524956
0585,,,4X,F,CHINESE,4X,-20.432981,13.095607
0587,,,6X,F,CHINESE,6X,0.85161144,-14.810982
0590,,,2X,M,MALAY,2X,-6.5721445,7.191369
0591,,,2X,F,INDIAN,2X,-21.956257,1.8262862
0593,,,2X,F,CHINESE,2X,-21.819448,-14.681325
0595,,,2X,F,CHINESE,2X,-2.4981527,-24.500305
0597,,,4X,M,CHINESE,4X,-28.694824,15.241528
0598,,,4X,F,CHINESE,4X,-21.816969,-9.245355
0599,,,2X,F,CHINESE,2X,-12.905104,27.326221
0600,,,2X,M,INDIAN,2X,-15.309157,4.583654
0603,,,3X,M,CHINESE,3X,-11.626236,22.052645
0604,,,3X,F,CHINESE,3X,-22.380339,2.5452688
0605,,,4X,M,CHINESE,4X,-16.994902,-0.919186
0607,,,2X,M,CHINESE,2X,-16.803438,4.260679
0610,,,2X,F,INDIAN,2X,-18.370531,-7.997012
0612,,,2X,M,CHINESE,2X,-18.345276,0.75143737
0613,,,2X,M,MALAY,2X,-7.5010815,-0.9481214
0615,,,2X,M,CHINESE,2X,-5.0008893,-16.851011
0616,,,2X,F,CHINESE,2X,-21.70665,0.22615549
0617,,,2X,M,CHINESE,2X,-19.455366,1.7435547
0619,,,2X,M,INDIAN,2X,-14.199238,4.101141
0620,,,2X,M,CHINESE,2X,-8.114587,-2.769705
0623,,,5X,F,CHINESE,5X,-26.826418,-6.8274627
0624,,,2X,M,CHINESE,2X,7.3105125,6.9996624
0626,,,2X,M,INDIAN,2X,-16.738646,5.2208905
0627,,,2X,F,CHINESE,2X,-4.913044,-24.118536
0628,,,2X,F,CHINESE,2X,-20.465202,-6.7379336
0629,,,2X,M,CHINESE,2X,-17.944164,5.3478427
0630,,,2X,F,CHINESE,2X,-22.63701,-1.7216909
0631,,,2X,F,CHINESE,2X,-22.387499,-2.5792053
0632,,,4X,F,CHINESE,4X,-19.96094,-14.981094
0633,,,6X,F,CHINESE,6X,-12.715809,29.74213
0635,,,2X,F,INDIAN,2X,-22.489027,-3.7788231
0640,,,2X,M,CHINESE,2X,-14.919262,2.209662
0642,,,2X,F,CHINESE,2X,-11.74331,32.48369
0644,,,6X,M,CHINESE,6X,-10.762271,37.731518
0646,,,2X,M,MALAY,2X,-2.4481637,34.82511
0647,,,2X,F,CHINESE,2X,-19.52568,-11.715953
0648,,,3X,M,CHINESE,3X,-22.586636,24.241272
0649,,,3X,F,CHINESE,3X,-22.76972,-9.037299
0650,,,5X,F,CHINESE,5X,-25.858295,-7.2784686
0651,,,5X,M,CHINESE,5X,-9.133136,36.498863
0652,,,6X,F,MALAY,6X,-31.423597,0.55662256
0654,,,4X,F,MALAY,4X,-27.578323,-6.566436
0656,,,1X,F,CHINESE,1X,-24.331749,-3.4852383
0657,,,2X,M,CHINESE,2X,-19.444227,3.153049
0659,,,3X,M,CHINESE,3X,-0.31748042,-2.3536546
0660,,,4X,M,INDIAN,4X,0.98516566,9.325018
0661,,,3X,M,MALAY,3X,-8.151217,-0.4384585
0662,,,2X,F,CHINESE,2X,-18.9768,-14.340631
0666,,,1X,M,MALAY,1X,-7.605833,0.39695925
0667,,,2X,F,MALAY,2X,-18.494051,-15.603198
0668,,,1X,F,MALAY,1X,-13.393127,32.62248
0669,,,3X,F,MALAY,3X,-11.319536,16.198187
0670,,,3X,M,CHINESE,3X,-11.535485,-3.2391152
0671,,,3X,F,CHINESE,3X,-27.697535,-9.090949
0672,,,2X,F,CHINESE,2X,-11.630726,16.288424
0674,,,2X,M,MALAY,2X,-8.846601,-1.0677657
0675,,,1X,M,MALAY,1X,-8.842021,9.057427
0676,,,4X,F,INDIAN,4X,9.129574,-21.150673
0678,,,1X,M,INDIAN,1X,-26.013489,-12.097275
0681,,,2X,F,CHINESE,2X,-10.558097,32.184116
0685,,,4X,F,CHINESE,4X,-7.9001045,32.07196
0686,,,2X,F,CHINESE,2X,-21.370625,-1.8187389
0687,,,1X,M,INDIAN,1X,-21.071804,8.694166
0690,,,4X,F,MALAY,4X,-13.589057,-15.729526
0691,,,2X,M,CHINESE,2X,-7.761284,34.856277
0692,,,3X,F,CHINESE,3X,-26.24398,-1.2026616
0695,,,5X,F,CHINESE,5X,-22.687073,-5.879898
0697,,,2X,M,CHINESE,2X,-14.8025465,-5.259988
0699,,,3X,M,INDIAN,3X,1.1140113,29.824831
0702,,,3X,F,MALAY,3X,-18.643005,-10.629681
0705,,,2X,M,CHINESE,2X,-14.741252,0.48677698
0706,,,3X,F,CHINESE,3X,-20.315493,1.4674811
0707,,,2X,F,CHINESE,2X,-21.056063,-10.977633
0709,,,2X,F,CHINESE,2X,-19.579964,-16.95422
0710,,,3X,F,CHINESE,3X,-12.293951,32.708263
0712,,,6X,F,CHINESE,6X,6.8161345,15.688204
0713,,,3X,M,MALAY,3X,-12.064003,-6.169844
0714,,,4X,F,CHINESE,4X,-12.719701,34.263077
0716,,,3X,F,CHINESE,3X,-7.068161,33.37873
0719,,,2X,F,CHINESE,2X,-18.589275,-17.552902
0720,,,3X,F,INDIAN,3X,-1.1680485,-17.342339
0721,,,2X,M,CHINESE,2X,-16.119217,28.24826
0722,,,3X,F,INDIAN,3X,-15.622994,-14.412105
0723,,,2X,M,INDIAN,2X,-18.078365,27.947214
0724,,,2X,M,CHINESE,2X,-8.451038,-6.822468
0725,,,2X,F,CHINESE,2X,-22.656754,27.542885
0727,,,1X,F,INDIAN,1X,-8.656239,31.213205
0731,,,2X,F,INDIAN,2X,-12.781232,27.969988
0732,,,2X,M,CHINESE,2X,-14.538104,-6.1425853
0734,,,2X,M,CHINESE,2X,-6.724597,37.960796
0736,,,3X,M,CHINESE,3X,-1.7637407,-1.014175
0737,,,2X,M,MALAY,2X,-7.648023,35.46704
0738,,,5X,M,CHINESE,5X,-2.6945815,37.86604
0741,,,3X,F,CHINESE,3X,-9.004927,15.969161
0742,,,2X,F,INDIAN,2X,6.8916802,15.283084
0743,,,2X,F,MALAY,2X,-11.990141,35.894352
0746,,,3X,M,INDIAN,3X,10.113051,16.2938
0747,,,1X,M,INDIAN,1X,-3.6056721,30.0025
0751,,,1X,M,CHINESE,1X,-9.08273,-2.6171606
0752,,,2X,F,CHINESE,2X,30.655127,-13.244055
0753,,,2X,M,CHINESE,2X,-18.433737,0.32998496
0754,,,2X,F,CHINESE,2X,23.461697,-14.207062
0755,,,2X,F,CHINESE,2X,24.565386,-14.079676
0756,,,2X,M,CHINESE,2X,22.734053,10.501831
0758,,,4X,M,CHINESE,4X,10.985653,10.020562
0762,,,3X,M,CHINESE,3X,-4.6559057,13.843304
0763,,,2X,M,CHINESE,2X,-11.818373,3.1077292
0764,,,2X,M,CHINESE,2X,0.63498163,-1.3877507
0765,,,2X,F,CHINESE,2X,6.909408,-19.979374
0767,,,2X,F,CHINESE,2X,26.178844,-17.506432
0769,,,3X,F,CHINESE,3X,-25.084782,9.711969
0770,,,5X,F,CHINESE,5X,11.0864525,-16.18008
0771,,,3X,F,CHINESE,3X,25.276127,-10.7455435
0772,,,2X,F,CHINESE,2X,27.424116,-18.206488
0773,,,2X,F,CHINESE,2X,16.294912,-6.8480496
0774,,,2X,F,CHINESE,2X,10.959277,-23.030928
0775,,,3X,M,CHINESE,3X,2.2461452,4.020445
0776,,,2X,F,CHINESE,2X,8.657306,-25.757124
0778,,,2X,F,CHINESE,2X,10.77298,-19.378857
0779,,,2X,F,CHINESE,2X,24.942038,-17.98403
0780,,,2X,M,CHINESE,2X,18.243244,8.017514
0781,,,1X,M,CHINESE,1X,14.434133,3.3013163
0782,,,2X,M,CHINESE,2X,23.131723,12.42573
0783,,,2X,F,CHINESE,2X,27.033525,-9.296972
0785,,,5X,F,CHINESE,5X,20.402927,-0.5726727
0786,,,2X,F,CHINESE,2X,29.31342,-10.02981
0789,,,2X,M,CHINESE,2X,17.021093,7.534923
0791,,,2X,M,CHINESE,2X,8.255513,9.450017
0792,,,2X,M,CHINESE,2X,-5.917564,-4.938564
0793,,,2X,F,CHINESE,2X,32.487625,-14.386196
0794,,,2X,M,CHINESE,2X,22.928564,12.462704
0796,,,2X,F,CHINESE,2X,27.62204,-11.492781
0797,,,2X,M,CHINESE,2X,-18.870121,5.332852
0798,,,3X,M,CHINESE,3X,-4.336434,13.062414
0801,,,2X,M,CHINESE,2X,1.2327605,-0.35194933
0802,,,2X,F,CHINESE,2X,16.520283,-21.756285
0805,,,1X,F,CHINESE,1X,20.985312,-22.90697
0806,,,2X,M,CHINESE,2X,-15.747714,8.13874
0807,,,2X,M,CHINESE,2X,15.770416,3.3188953
0808,,,3X,M,INDIAN,3X,-2.8834467,3.4579296
0810,,,3X,M,CHINESE,3X,27.807676,4.1776943
0811,,,2X,F,CHINESE,2X,28.624105,2.528661
0813,,,1X,M,MALAY,1X,13.122131,3.0091312
0814,,,2X,M,CHINESE,2X,11.26979,1.7511634
0815,,,3X,F,CHINESE,3X,20.547888,-10.476243
0816,,,2X,M,CHINESE,2X,20.066715,7.610539
0818,,,2X,F,CHINESE,2X,20.968225,-11.954517
0820,,,1X,F,INDIAN,1X,21.203138,16.546537
0821,,,3X,M,INDIAN,3X,-4.8792644,8.267495
0822,,,5X,F,MALAY,5X,13.198794,-8.910995
0823,,,1X,F,INDIAN,1X,13.901166,-5.9598627
0824,,,3X,F,INDIAN,3X,24.143974,-2.6461067
0826,,,4X,F,CHINESE,4X,13.38047,-10.66975
0827,,,4X,M,CHINESE,4X,23.3799,6.7530766
0829,,,4X,M,MALAY,4X,9.916041,17.445576
0831,,,2X,F,CHINESE,2X,28.21816,-14.876292
0832,,,3X,M,CHINESE,3X,18.291832,8.888901
0834,,,2X,M,CHINESE,2X,17.384304,6.1760664
0837,,,2X,M,CHINESE,2X,16.390968,8.696822
0838,,,4X,F,CHINESE,4X,21.808205,-9.962164
0839,,,3X,M,INDIAN,3X,-9.165124,7.6841035
0841,,,2X,F,CHINESE,2X,-16.760233,-7.113599
0844,,,3X,M,CHINESE,3X,5.1384826,0.8726328
0847,,,2X,F,CHINESE,2X,24.010277,-13.7621975
0848,,,2X,M,CHINESE,2X,-17.102451,6.3275437
0851,,,2X,F,CHINESE,2X,21.936962,-12.93877
0854,,,2X,F,CHINESE,2X,15.215777,-12.032375
0855,,,2X,F,CHINESE,2X,5.472697,-18.977896
0857,,,2X,F,CHINESE,2X,6.759731,-23.923008
0858,,,2X,F,CHINESE,2X,25.062616,-7.9952593
0860,,,3X,F,CHINESE,3X,16.490932,-10.831399
0861,,,2X,F,CHINESE,2X,29.79052,-4.5084357
0862,,,2X,M,CHINESE,2X,22.299694,8.331484
0863,,,5X,F,CHINESE,5X,7.4066424,-15.341063
0865,,,2X,M,CHINESE,2X,4.9723725,2.706327
0866,,,2X,M,CHINESE,2X,-1.9719344,-10.762007
0867,,,2X,F,CHINESE,2X,25.355753,-14.748936
0868,,,2X,F,CHINESE,2X,2.4022899,-21.92046
0869,,,2X,M,CHINESE,2X,-14.514059,6.921594
0871,,,2X,F,INDIAN,2X,29.103436,-17.117008
0875,,,2X,F,CHINESE,2X,20.068377,-14.096025
0876,,,3X,M,CHINESE,3X,13.606387,7.1578045
0877,,,3X,M,CHINESE,3X,13.876354,8.057745
0878,,,2X,M,CHINESE,2X,11.653454,3.691673
0880,,,1X,F,CHINESE,1X,26.989876,-12.007663
0882,,,2X,F,CHINESE,2X,24.333746,-17.00698
0884,,,2X,M,CHINESE,2X,7.880874,9.508285
0885,,,1X,F,CHINESE,1X,26.251425,-14.846882
0886,,,2X,F,CHINESE,2X,-0.540665,-25.281097
0888,,,2X,M,CHINESE,2X,23.620039,6.5131946
0889,,,1X,F,INDIAN,1X,20.92142,-17.239374
0890,,,2X,F,CHINESE,2X,24.037228,-11.793766
0891,,,2X,M,CHINESE,2X,30.617428,-1.6867266
0892,,,2X,F,CHINESE,2X,30.496094,-1.9913894
0893,,,3X,M,CHINESE,3X,-13.257419,9.157392
0895,,,2X,M,CHINESE,2X,-0.24410118,0.026233543
0896,,,2X,F,CHINESE,2X,21.781172,-14.1133995
0897,,,5X,F,CHINESE,5X,-28.0321,-10.452696
0898,,,3X,F,MALAY,3X,3.580303,-18.469923
0899,,,3X,F,INDIAN,3X,18.746735,-7.5609736
0902,,,2X,F,CHINESE,2X,8.966363,-26.055914
0903,,,2X,F,MALAY,2X,10.036664,-8.162019
0904,,,3X,M,MALAY,3X,8.098956,4.5182915
0905,,,3X,F,MALAY,3X,11.150548,-7.4100356
0906,,,5X,F,MALAY,5X,0.9702113,-17.683565
0907,,,2X,M,CHINESE,2X,-3.4683952,-3.888051
0908,,,3X,M,MALAY,3X,-4.321891,0.5948064
0910,,,2X,M,CHINESE,2X,6.171693,8.890409
0911,,,3X,F,MALAY,3X,3.97247,-26.206135
0913,,,3X,F,MALAY,3X,11.621303,-8.113068
0914,,,4X,F,MALAY,4X,18.232134,17.081844
0915,,,3X,F,MALAY,3X,5.8695774,-15.025018
0917,,,3X,F,MALAY,3X,2.5510375,-20.432726
0920,,,5X,F,CHINESE,5X,-29.135609,9.904846
0921,,,4X,M,MALAY,4X,-2.203542,1.1020491
0923,,,5X,F,CHINESE,5X,14.018846,-21.574081
0925,,,5X,F,INDIAN,5X,17.213837,-1.0053949
0926,,,3X,F,MALAY,3X,4.669272,-20.144342
0927,,,3X,M,MALAY,3X,-3.7569613,7.057197
0928,,,3X,F,INDIAN,3X,9.295736,-14.478834
0930,,,2X,F,INDIAN,2X,33.86513,-11.356196
0931,,,3X,F,MALAY,3X,6.3047023,-25.760702
0932,,,3X,M,MALAY,3X,-3.3718731,1.8471823
0933,,,3X,F,INDIAN,3X,1.0982203,-18.488758
0934,,,5X,M,MALAY,5X,0.03103587,6.6577153
0935,,,3X,F,MALAY,3X,-0.1213113,-19.008818
0936,,,3X,M,INDIAN,3X,3.5245836,-6.703764
0937,,,3X,F,CHINESE,3X,23.448067,-9.776235
0938,,,3X,F,INDIAN,3X,15.292364,-6.401092
0941,,,4X,F,INDIAN,4X,6.4573035,-10.250786
0942,,,3X,M,MALAY,3X,-6.7838264,1.5862994
0943,,,5X,M,MALAY,5X,-2.3728797,5.7820807
0945,,,3X,M,MALAY,3X,15.204372,12.261536
0947,,,5X,F,INDIAN,5X,7.6639333,-11.5505
0949,,,3X,M,MALAY,3X,-1.9383944,-0.44865158
0950,,,4X,F,MALAY,4X,1.2028542,-20.278528
0952,,,3X,M,MALAY,3X,0.8766004,-5.832399
0953,,,3X,F,INDIAN,3X,7.9498353,-9.503528
0954,,,6X,M,CHINESE,6X,-26.297056,-11.463254
0956,,,3X,F,INDIAN,3X,9.11397,-13.95783
0957,,,5X,M,MALAY,5X,-2.8519099,6.4919634
0958,,,4X,M,MALAY,4X,-0.6672286,4.273311
0960,,,3X,F,INDIAN,3X,-8.550781,-19.511526
0962,,,3X,M,INDIAN,3X,-3.8903522,4.607485
0963,,,6X,M,CHINESE,6X,-4.392661,9.405993
0964,,,2X,F,MALAY,2X,19.002329,-23.698626
0965,,,3X,M,MALAY,3X,-4.6093726,8.830778
0966,,,3X,M,MALAY,3X,-0.6399227,4.5915685
0968,,,3X,F,MALAY,3X,26.073732,-5.5661616
0970,,,5X,M,MALAY,5X,3.6805034,7.4531083
0971,,,4X,F,MALAY,4X,12.3387,-11.663022
0973,,,3X,F,INDIAN,3X,15.457717,-8.476643
0974,,,3X,F,MALAY,3X,13.495633,-7.2651772
0975,,,3X,M,MALAY,3X,21.012148,10.318386
0976,,,4X,M,MALAY,4X,-1.9893917,2.16654
0977,,,4X,F,MALAY,4X,7.703337,-15.141223
0978,,,3X,M,INDIAN,3X,1.8522282,2.2695284
0979,,,5X,F,INDIAN,5X,16.426313,-8.633336
0981,,,4X,M,CHINESE,4X,-2.6457143,12.339755
0986,,,4X,F,CHINESE,4X,33.706596,-12.260133
0989,,,2X,M,MALAY,2X,-13.444117,5.495337
0990,,,2X,M,MALAY,2X,20.962173,5.813892
0992,,,3X,M,INDIAN,3X,-14.145768,6.496982
0993,,,3X,M,INDIAN,3X,15.727921,3.1229205
0995,,,6X,M,CHINESE,6X,-4.9759493,9.750405
0996,,,3X,M,MALAY,3X,-1.5280497,4.377505
0998,,,5X,M,CHINESE,5X,19.193354,13.060165
0999,,,3X,F,MALAY,3X,14.039109,-8.046698
1000,,,3X,F,INDIAN,3X,18.495314,-7.0546064
1002,,,2X,M,CHINESE,2X,-2.803833,-5.1532807
1003,,,3X,M,MALAY,3X,4.8394694,6.8642106
1004,,,5X,M,CHINESE,5X,1.1001174,1.2271442
1005,,,3X,M,INDIAN,3X,-3.9483275,8.07495
1006,,,5X,M,CHINESE,5X,0.10126991,0.62778753
1007,,,3X,M,CHINESE,3X,-12.071753,4.285293
1008,,,3X,M,INDIAN,3X,-12.190946,6.7971478
1009,,,2X,M,INDIAN,2X,-4.378604,3.505601
1010,,,4X,F,INDIAN,4X,6.312754,-11.6168585
1012,,,2X,M,CHINESE,2X,-2.3776407,-9.005884
1015,,,2X,M,CHINESE,2X,12.232728,5.1150537
1016,,,3X,F,MALAY,3X,19.018394,-17.43506
1017,,,3X,M,INDIAN,3X,-13.694212,7.396993
1018,,,2X,M,CHINESE,2X,-13.41005,5.270917
1019,,,4X,F,CHINESE,4X,14.090769,-12.9396925
1020,,,2X,M,INDIAN,2X,-0.6140607,5.30687
1021,,,3X,M,INDIAN,3X,-3.3023124,10.301049
1022,,,3X,F,INDIAN,3X,12.838529,-5.1213055
1023,,,2X,F,INDIAN,2X,17.209501,-16.131325
1024,,,1X,M,CHINESE,1X,20.215122,6.0977254
1025,,,3X,M,INDIAN,3X,2.834622,7.7478805
1026,,,6X,F,INDIAN,6X,14.947191,-7.5827208
1027,,,3X,M,INDIAN,3X,1.2695094,7.3333483
1028,,,3X,F,INDIAN,3X,14.567288,-7.680545
1030,,,2X,M,INDIAN,2X,3.4110377,-0.9602756
1031,,,3X,M,INDIAN,3X,-5.868769,5.0674443
1033,,,4X,M,INDIAN,4X,-2.0245545,6.484529
1035,,,2X,F,INDIAN,2X,33.07288,-11.233548
1036,,,6X,M,MALAY,6X,-3.1473305,6.616952
1037,,,3X,F,INDIAN,3X,5.631279,-6.6097016
1038,,,3X,F,INDIAN,3X,6.1282525,-11.854824
1039,,,2X,M,INDIAN,2X,-7.796218,3.725986
1040,,,1X,M,CHINESE,1X,-1.4431998,-6.355992
1041,,,4X,M,CHINESE,4X,0.56833833,-6.1362686
1042,,,5X,M,INDIAN,5X,6.7651205,-9.327728
1043,,,3X,M,INDIAN,3X,-7.6421914,3.9561965
1044,,,4X,M,CHINESE,4X,3.6515603,3.0435634
1045,,,3X,F,INDIAN,3X,10.308042,-11.207049
1050,,,3X,M,MALAY,3X,-1.715859,33.31752
1056,,,3X,M,INDIAN,3X,4.7722263,29.562298
1057,,,3X,M,MALAY,3X,-0.4415633,32.98395
1058,,,3X,M,INDIAN,3X,4.8006563,29.575031
1060,,,4X,M,MALAY,4X,-4.017229,34.36143
1061,,,3X,M,INDIAN,3X,-4.895978,35.55835
1062,,,4X,M,MALAY,4X,-4.2527785,34.07241
1066,,,4X,M,INDIAN,4X,-4.2669196,36.572342
1067,,,4X,F,INDIAN,4X,-3.039551,32.458443
1068,,,3X,M,INDIAN,3X,3.932163,30.446753
1069,,,3X,M,INDIAN,3X,-2.834986,34.04894
1070,,,1X,M,INDIAN,1X,3.482093,33.653774
1073,,,4X,F,INDIAN,4X,-1.9068034,36.352467
1077,,,4X,F,MALAY,4X,-0.64136904,29.707167
1081,,,2X,F,INDIAN,2X,0.33239537,28.888296
1446,,,3X,F,INDIAN,3X,14.133997,-10.805855
0002,,,2X,F,INDIAN,2X,-9.800157,-17.276207
0014,,,2X,M,CHINESE,2X,-0.27598107,-2.360772
0017,,,3X,F,MALAY,3X,2.8575478,-22.677174
0020,,,3X,F,CHINESE,3X,0.500023,-25.015194
0031,,,4X,F,CHINESE,4X,0.5786533,-23.477024
0034,,,1X,M,CHINESE,1X,-13.347809,3.5508623
0039,,,2X,M,CHINESE,2X,-10.693763,-0.6605203
0050,,,2X,M,CHINESE,2X,-16.111107,1.2484434
0051,,,2X,F,MALAY,2X,-12.38555,-18.428179
0061,,,2X,M,MALAY,2X,1.9620973,12.452237
0063,,,5X,F,CHINESE,5X,-14.508951,-9.850817
0084,,,5X,F,CHINESE,5X,-25.800531,-8.8529625
0088,,,2X,M,CHINESE,2X,-19.899658,-1.0804904
0093,,,2X,M,MALAY,2X,-9.801249,-4.9963098
0104,,,2X,M,CHINESE,2X,-21.8464,26.493996
0118,,,4X,F,CHINESE,4X,-15.102326,27.910551
0133,,,2X,M,CHINESE,2X,-23.033499,20.127783
0161,,,4X,M,MALAY,4X,-4.5191174,-2.0490234
0178,,,1X,F,CHINESE,1X,-21.26924,-16.702154
0189,,,3X,F,MALAY,3X,-19.377321,-13.591622
0191,,,2X,M,MALAY,2X,-0.6983471,35.887486
0200,,,3X,F,CHINESE,3X,-25.802752,21.741396
0203,,,3X,M,INDIAN,3X,-23.700354,20.890188
0213,,,2X,F,CHINESE,2X,-24.58867,14.318678
0214,,,3X,M,INDIAN,3X,-0.793564,34.502975
0222,,,2X,M,CHINESE,2X,-0.6310309,-5.343661
0223,,,2X,F,CHINESE,2X,-2.3304048,-26.527687
0225,,,2X,F,MALAY,2X,3.5164282,-16.690575
0236,,,3X,F,MALAY,3X,2.5130887,-15.362339
0239,,,2X,F,CHINESE,2X,3.025251,-24.223595
0249,,,5X,M,INDIAN,5X,2.5747833,-9.364356
0259,,,1X,F,CHINESE,1X,5.8786364,18.734745
0265,,,2X,M,CHINESE,2X,-6.9742026,-9.451562
0266,,,2X,F,CHINESE,2X,20.047676,-23.450472
0275,,,2X,F,INDIAN,2X,9.372324,-25.120686
0279,,,6X,F,INDIAN,6X,8.4088125,-11.748806
0285,,,3X,M,CHINESE,3X,8.495059,7.109093
0293,,,4X,M,CHINESE,4X,-3.0150487,35.95691
0300,,,2X,F,CHINESE,2X,24.774246,-3.9251523
0303,,,3X,M,INDIAN,3X,22.254955,4.1385236
0305,,,2X,F,MALAY,2X,21.296732,-6.283867
0311,,,2X,M,CHINESE,2X,12.469568,19.098564
0336,,,2X,F,CHINESE,2X,22.456306,-18.66098
0343,,,2X,M,CHINESE,2X,23.028765,8.369109
0352,,,3X,M,CHINESE,3X,2.4744914,0.8914187
0359,,,5X,M,MALAY,5X,17.919405,15.007243
0362,,,5X,M,MALAY,5X,0.26635593,1.9300678
0368,,,4X,F,CHINESE,4X,24.193213,-0.4587672
0397,,,4X,F,INDIAN,4X,19.148827,-5.6035037
0398,,,2X,F,CHINESE,2X,27.389654,-3.7393293
0402,,,2X,F,CHINESE,2X,20.373606,-10.801131
0415,,,2X,F,CHINESE,2X,28.57107,-4.7347164
0429,,,2X,M,CHINESE,2X,18.100426,5.998611
0438,,,2X,F,CHINESE,2X,9.510156,-18.667742
0449,,,3X,F,CHINESE,3X,24.34404,-8.118599
0454,,,2X,M,CHINESE,2X,14.675588,6.5660048
0457,,,2X,M,MALAY,2X,-8.597824,9.996786
0470,,,2X,M,INDIAN,2X,9.830008,16.10296
0477,,,2X,F,MALAY,2X,19.444307,-23.634384
0486,,,2X,F,CHINESE,2X,15.772712,-21.42438
0487,,,2X,F,INDIAN,2X,8.676989,-18.256214
0489,,,5X,F,CHINESE,5X,2.2342947,-2.256918
0506,,,5X,M,INDIAN,5X,-3.9871128,-2.7360523
0507,,,5X,F,CHINESE,5X,-5.7461863,-15.466572
0510,,,5X,F,CHINESE,5X,-7.875722,30.47791
0531,,,4X,F,MALAY,4X,-18.409988,-6.7705507
0534,,,4X,F,CHINESE,4X,-8.7560215,33.545162
0546,,,2X,F,CHINESE,2X,-20.632153,-7.362083
0551,,,1X,F,INDIAN,1X,-19.946028,-3.054252
0552,,,1X,F,INDIAN,1X,-20.557938,19.685404
0556,,,2X,F,CHINESE,2X,-11.066833,34.85247
0560,,,2X,F,CHINESE,2X,-16.745537,-7.3063974
0561,,,3X,F,CHINESE,3X,-17.882374,-7.3568807
0562,,,1X,F,CHINESE,1X,-11.570315,34.650513
0563,,,1X,F,CHINESE,1X,-22.41309,-14.246746
0584,,,5X,M,CHINESE,5X,-15.93556,3.326509
0592,,,3X,M,MALAY,3X,-24.352207,24.92287
0602,,,2X,M,CHINESE,2X,-10.8262205,22.127691
0609,,,4X,F,INDIAN,4X,-4.3488383,-15.360785
0611,,,3X,M,CHINESE,3X,-12.896241,1.6042086
0614,,,2X,F,CHINESE,2X,21.65353,-21.766167
0634,,,2X,F,CHINESE,2X,-6.730787,-15.757421
0637,,,2X,M,CHINESE,2X,-7.0950503,-2.0796354
0639,,,2X,F,CHINESE,2X,-18.154913,-12.9729395
0643,,,2X,F,INDIAN,2X,-20.226889,17.355108
0645,,,1X,F,CHINESE,1X,-2.362803,-22.852798
0653,,,4X,F,MALAY,4X,-11.629256,30.924576
0655,,,3X,F,CHINESE,3X,-21.673986,-15.646014
0658,,,2X,M,CHINESE,2X,-15.162187,-22.431503
0664,,,3X,F,INDIAN,3X,5.177278,-12.751632
0665,,,3X,M,MALAY,3X,-5.7794905,0.15270695
0684,,,3X,F,CHINESE,3X,-18.127352,8.34062
0694,,,3X,F,CHINESE,3X,-23.46244,-3.4514184
0700,,,2X,M,CHINESE,2X,-11.924686,14.322545
0711,,,3X,M,CHINESE,3X,-6.3035345,35.760464
0715,,,2X,M,INDIAN,2X,-3.8481736,-7.449093
0717,,,3X,M,INDIAN,3X,-2.9756424,-7.5700517
0730,,,2X,F,INDIAN,2X,9.832873,-13.152991
0735,,,3X,F,CHINESE,3X,-20.175875,-17.082193
0739,,,2X,F,CHINESE,2X,-13.049707,32.869194
0740,,,3X,M,MALAY,3X,-5.6333857,33.092976
0745,,,2X,M,INDIAN,2X,-2.211411,31.115866
0757,,,1X,F,CHINESE,1X,22.572622,-17.242403
0760,,,2X,F,CHINESE,2X,22.565567,-17.644785
0761,,,2X,M,CHINESE,2X,18.266966,10.497203
0766,,,5X,M,CHINESE,5X,5.476919,-3.5208118
0788,,,4X,F,CHINESE,4X,30.557213,-8.763199
0790,,,2X,M,CHINESE,2X,-0.11960023,-10.144856
0800,,,2X,M,CHINESE,2X,8.436088,9.923948
0804,,,4X,F,CHINESE,4X,11.900385,-14.281986
0812,,,2X,F,CHINESE,2X,29.390585,1.8697625
0817,,,2X,F,CHINESE,2X,28.26703,-3.5888171
0819,,,2X,F,CHINESE,2X,21.772074,-16.231102
0830,,,4X,F,CHINESE,4X,19.672876,-8.454625
0833,,,2X,M,CHINESE,2X,19.42764,7.966801
0840,,,2X,F,CHINESE,2X,21.27979,-8.729385
0845,,,3X,M,CHINESE,3X,9.891731,9.2811985
0864,,,2X,M,MALAY,2X,-4.838678,1.3523997
0870,,,2X,F,CHINESE,2X,29.481377,-16.346256
0872,,,2X,F,CHINESE,2X,28.548265,-11.595629
0873,,,3X,M,CHINESE,3X,1.492792,-10.534228
0881,,,3X,M,CHINESE,3X,-5.996545,-8.533497
0883,,,2X,F,CHINESE,2X,23.92599,-16.071571
0887,,,3X,M,CHINESE,3X,7.618218,9.369204
0894,,,5X,F,CHINESE,5X,13.48228,-12.433901
0901,,,5X,F,CHINESE,5X,35.13427,-12.543441
0916,,,3X,M,INDIAN,3X,7.756748,3.9395633
0918,,,5X,F,CHINESE,5X,31.833424,-16.184166
0919,,,3X,F,INDIAN,3X,8.538153,-23.045969
0922,,,4X,M,MALAY,4X,-6.98217,-9.488182
0924,,,3X,M,MALAY,3X,13.007495,5.8704867
0929,,,5X,F,MALAY,5X,-11.4730425,-18.593311
0944,,,3X,F,MALAY,3X,19.232204,-17.581276
0951,,,3X,F,INDIAN,3X,7.1808085,-8.153875
0955,,,5X,F,MALAY,5X,6.099915,-16.94268
0959,,,4X,F,MALAY,4X,-10.886117,-10.729289
0961,,,4X,M,INDIAN,4X,-12.223647,6.829143
0967,,,3X,F,MALAY,3X,18.915874,-0.8929537
0972,,,3X,F,INDIAN,3X,17.521923,-7.9540806
0982,,,5X,M,CHINESE,5X,0.13562933,-3.4768019
0987,,,3X,F,INDIAN,3X,14.21361,-9.675021
0988,,,5X,M,CHINESE,5X,-2.794448,12.023856
0991,,,4X,M,MALAY,4X,16.67117,13.232172
0997,,,5X,M,CHINESE,5X,-0.6234261,-8.455017
1011,,,4X,M,CHINESE,4X,-6.431606,9.598091
1013,,,4X,M,CHINESE,4X,1.4090825,4.2058554
1014,,,2X,M,INDIAN,2X,-11.365047,2.3253367
1029,,,2X,M,INDIAN,2X,19.62647,10.834657
1034,,,4X,M,CHINESE,4X,0.9121833,-4.41497
1048,,,1X,M,MALAY,1X,-0.88527054,31.371412
1053,,,3X,M,MALAY,3X,-1.5739222,35.06355
1064,,,4X,M,INDIAN,4X,-3.9198275,33.490887
1065,,,3X,M,INDIAN,3X,-9.583681,9.66801
0003,,,2X,M,MALAY,2X,-6.8676095,0.5294557
0011,,,2X,F,CHINESE,2X,4.42215,-23.774849
0016,,,2X,M,CHINESE,2X,-21.612053,5.591071
0021,,,2X,F,CHINESE,2X,-13.6734,-12.080453
0022,,,5X,M,CHINESE,5X,0.1062148,3.806138
0028,,,4X,M,CHINESE,4X,2.4560242,0.058915436
0048,,,1X,M,CHINESE,1X,-13.253982,2.8077476
0055,,,5X,F,CHINESE,5X,6.5264697,-22.232187
0065,,,2X,F,CHINESE,2X,14.214648,-1.1583552
0069,,,4X,F,INDIAN,4X,4.7389183,-14.77454
0072,,,5X,F,CHINESE,5X,1.9021677,-25.9567
0086,,,3X,F,CHINESE,3X,-25.660168,-8.686865
0089,,,3X,F,MALAY,3X,-14.525682,-15.519714
0098,,,3X,M,CHINESE,3X,-2.4246836,-2.0559375
0102,,,5X,F,CHINESE,5X,-27.875708,-11.089292
0113,,,2X,F,CHINESE,2X,-19.444477,15.903065
0122,,,4X,F,CHINESE,4X,-21.490252,28.439737
0123,,,2X,F,CHINESE,2X,-19.12719,17.79995
0128,,,3X,M,CHINESE,3X,-22.584223,25.607561
0130,,,2X,F,CHINESE,2X,-23.32275,15.930754
0134,,,3X,F,CHINESE,3X,-17.387794,17.637571
0138,,,2X,F,CHINESE,2X,-20.390854,19.657534
0140,,,2X,M,CHINESE,2X,-21.844358,27.087557
0141,,,2X,M,CHINESE,2X,-11.696507,-4.792145
0145,,,2X,M,CHINESE,2X,-20.010546,24.116611
0146,,,3X,M,CHINESE,3X,-6.1926236,35.711086
0154,,,3X,F,MALAY,3X,-16.595272,-15.823292
0162,,,1X,F,CHINESE,1X,-2.8817687,-22.807388
0163,,,3X,M,INDIAN,3X,-1.7854054,34.28626
0166,,,2X,F,CHINESE,2X,5.037935,13.74124
0169,,,3X,M,MALAY,3X,4.0709224,11.22295
0181,,,1X,M,CHINESE,1X,-11.902148,-5.2658215
0187,,,6X,F,CHINESE,6X,-17.75251,-13.402246
0192,,,2X,M,MALAY,2X,-19.494268,25.080666
0198,,,6X,M,CHINESE,6X,-15.990148,27.677423
0211,,,4X,M,CHINESE,4X,-21.61537,23.686598
0215,,,4X,F,INDIAN,4X,-14.525443,17.465202
0226,,,2X,M,INDIAN,2X,-10.468452,5.894551
0232,,,4X,M,CHINESE,4X,-6.6631136,34.70749
0233,,,2X,F,CHINESE,2X,-5.4177046,33.85869
0243,,,1X,M,MALAY,1X,-4.019087,35.22611
0254,,,2X,F,CHINESE,2X,29.63142,-7.9983087
0269,,,2X,F,CHINESE,2X,22.26934,2.369433
0298,,,4X,M,MALAY,4X,15.977513,5.710804
0301,,,2X,M,INDIAN,2X,9.116791,4.1433067
0313,,,3X,F,CHINESE,3X,21.584343,-2.6444154
0331,,,3X,F,CHINESE,3X,20.211718,16.23929
0337,,,4X,M,CHINESE,4X,17.615677,7.3774147
0342,,,2X,M,CHINESE,2X,16.471485,9.268633
0345,,,2X,F,CHINESE,2X,21.379301,-15.039741
0355,,,2X,M,CHINESE,2X,18.31501,4.8935785
0369,,,4X,F,MALAY,4X,18.133762,-12.301198
0372,,,5X,F,MALAY,5X,22.156195,-1.3323786
0373,,,2X,F,CHINESE,2X,22.826847,-3.7705362
0376,,,3X,M,CHINESE,3X,23.825079,9.670734
0382,,,5X,M,CHINESE,5X,9.198854,6.903996
0388,,,2X,F,CHINESE,2X,24.19233,-12.189612
0392,,,2X,M,CHINESE,2X,17.572197,9.685578
0405,,,2X,F,CHINESE,2X,24.0714,0.8417098
0409,,,5X,M,INDIAN,5X,-1.3791034,8.527649
0410,,,1X,M,CHINESE,1X,9.454864,18.636835
0411,,,2X,M,CHINESE,2X,13.154267,4.334393
0413,,,3X,M,CHINESE,3X,2.224986,2.5113187
0419,,,2X,F,INDIAN,2X,-6.0440006,27.739586
0425,,,2X,M,CHINESE,2X,-10.178613,-0.015493567
0444,,,4X,F,MALAY,4X,17.91733,-23.885292
0445,,,2X,F,MALAY,2X,4.846852,-25.214314
0450,,,5X,F,CHINESE,5X,32.6916,-9.612881
0459,,,1X,F,MALAY,1X,28.130613,-18.171783
0464,,,3X,M,CHINESE,3X,-6.293172,9.453937
0467,,,4X,F,MALAY,4X,7.016222,17.922743
0476,,,4X,F,CHINESE,4X,31.949387,-8.976445
0483,,,2X,M,CHINESE,2X,14.833531,9.918791
0496,,,1X,F,CHINESE,1X,10.989724,-23.170645
0499,,,2X,F,CHINESE,2X,28.055262,-6.8007283
0515,,,2X,F,CHINESE,2X,-20.642849,-12.845373
0524,,,3X,F,INDIAN,3X,-3.8842158,-14.344414
0525,,,2X,M,MALAY,2X,-10.664797,38.986393
0527,,,2X,F,CHINESE,2X,3.7589178,16.01739
0528,,,4X,F,CHINESE,4X,-26.455809,-4.141957
0535,,,4X,F,CHINESE,4X,2.450307,14.2103
0536,,,2X,F,INDIAN,2X,-10.188716,34.05707
0559,,,6X,F,CHINESE,6X,-25.527462,-5.598245
0568,,,3X,F,CHINESE,3X,-5.2462463,-16.303877
0573,,,3X,F,INDIAN,3X,-20.081686,-3.582754
0574,,,3X,F,CHINESE,3X,-10.283767,-12.837446
0577,,,2X,M,INDIAN,2X,-15.283221,4.2983494
0578,,,2X,F,INDIAN,2X,-16.794502,18.85178
0583,,,5X,F,CHINESE,5X,-18.650255,-11.503012
0586,,,6X,F,CHINESE,6X,-9.946993,30.776016
0588,,,5X,M,MALAY,5X,-13.229043,-1.5403202
0589,,,4X,F,MALAY,4X,-16.821383,18.676231
0594,,,2X,F,CHINESE,2X,-22.442234,-13.103404
0608,,,5X,F,INDIAN,5X,9.693575,-20.407042
0618,,,2X,M,INDIAN,2X,-16.346388,5.500693
0622,,,3X,M,CHINESE,3X,-18.14758,3.5649838
0625,,,1X,F,CHINESE,1X,-3.630896,-23.01229
0638,,,3X,M,MALAY,3X,-10.372947,22.619028
0663,,,2X,M,CHINESE,2X,-5.714556,-1.098767
0673,,,1X,M,MALAY,1X,-4.3153906,31.875877
0680,,,2X,F,CHINESE,2X,-24.969053,-3.3985255
0682,,,3X,F,MALAY,3X,-17.15164,-8.602515
0683,,,3X,F,MALAY,3X,2.9542856,15.227817
0688,,,1X,F,CHINESE,1X,-24.726902,14.148671
0689,,,1X,F,MALAY,1X,-15.2800045,-10.434506
0693,,,3X,M,CHINESE,3X,-11.682515,-4.19302
0698,,,2X,M,CHINESE,2X,-17.063648,4.4874496
0701,,,4X,F,CHINESE,4X,-14.137733,28.436392
0703,,,2X,F,MALAY,2X,-14.877755,-15.013063
0708,,,2X,M,CHINESE,2X,-19.924156,23.024004
0728,,,4X,F,INDIAN,4X,-13.501321,30.759165
0729,,,3X,M,INDIAN,3X,-10.825366,-5.830979
0733,,,2X,M,CHINESE,2X,-4.375208,2.9656937
0748,,,2X,F,INDIAN,2X,-0.5460628,28.809168
0749,,,4X,M,INDIAN,4X,-0.6772155,33.03094
0750,,,3X,M,INDIAN,3X,-2.4960778,33.046375
0759,,,2X,M,CHINESE,2X,12.437121,10.419601
0768,,,3X,F,CHINESE,3X,18.237537,-15.403127
0777,,,2X,F,CHINESE,2X,28.535501,-17.711117
0784,,,2X,F,CHINESE,2X,32.375584,-11.211375
0787,,,2X,F,CHINESE,2X,29.051918,-8.910508
0795,,,2X,F,CHINESE,2X,-1.197382,-25.299576
0799,,,2X,M,CHINESE,2X,-12.609004,0.5272322
0803,,,2X,M,CHINESE,2X,17.385132,8.274132
0809,,,3X,F,CHINESE,3X,27.765188,-7.7671175
0828,,,1X,F,INDIAN,1X,14.28099,-9.238149
0835,,,5X,F,CHINESE,5X,20.745419,-9.5942335
0842,,,2X,M,CHINESE,2X,11.061742,1.772673
0843,,,3X,M,CHINESE,3X,-0.2430553,-11.188832
0846,,,2X,F,CHINESE,2X,27.58682,-13.497568
0850,,,2X,F,INDIAN,2X,25.656395,-12.024642
0853,,,1X,F,CHINESE,1X,30.418055,-12.378199
0856,,,3X,F,CHINESE,3X,31.186985,-14.964288
0859,,,1X,F,CHINESE,1X,29.055666,-5.118083
0874,,,2X,F,CHINESE,2X,30.3538,-12.908859
0900,,,2X,F,CHINESE,2X,27.223917,-3.0035596
0909,,,3X,M,MALAY,3X,-0.1284681,6.821589
0912,,,3X,M,MALAY,3X,-6.242764,3.9308064
0940,,,4X,M,MALAY,4X,2.9265213,-4.4543567
0946,,,4X,M,INDIAN,4X,-0.67738026,8.705163
0948,,,3X,F,CHINESE,3X,13.779635,-22.429028
0969,,,3X,M,MALAY,3X,-2.842821,-0.6642699
0980,,,5X,M,CHINESE,5X,0.98578507,4.845513
0985,,,3X,M,INDIAN,3X,-4.729401,7.2701397
0994,,,3X,F,MALAY,3X,7.052369,-13.759237
1001,,,3X,F,INDIAN,3X,15.296737,-9.737449
1032,,,4X,M,INDIAN,4X,2.4156363,-8.751749
1051,,,3X,M,MALAY,3X,-1.8534173,32.2127
1052,,,3X,M,MALAY,3X,-2.750775,33.668396
1063,,,4X,M,INDIAN,4X,-3.303469,31.73876
1071,,,1X,M,MALAY,1X,7.1976995,3.6186852
1078,,,1X,M,INDIAN,1X,1.017748,33.559345
1079,,,2X,F,INDIAN,2X,13.150695,-8.175757
1080,,,3X,F,INDIAN,3X,32.176224,-10.800217
1300,,,2X,M,CHINESE,2X,22.001186,6.6373825
